{
  "train_loss": [
    0.11038737196996422,
    0.08782264283129589,
    0.0575181027907164,
    0.05196260536967782,
    0.05147866513367762,
    0.0508090725332653,
    0.050499804700903324,
    0.0502851878029386,
    0.050258041090607025,
    0.049813507009355516,
    0.049347611282001505,
    0.04910790927669545,
    0.049085374936229824,
    0.04906678055620564,
    0.04885004922902028,
    0.04906332966577204,
    0.04848735401281421,
    0.048588335154278905,
    0.048965333307190884,
    0.04841765225782913,
    0.04860721698773957,
    0.0483287639800131,
    0.04776849023495931,
    0.0482250491232452,
    0.04791710576862869
  ],
  "val_loss": [
    0.08910071607898264,
    0.06774134144186973,
    0.04196366104132989,
    0.03982458316227969,
    0.039096048307769436,
    0.04024357302223935,
    0.03815710262340658,
    0.037434895459343406,
    0.035456711562240825,
    0.03726690772701712,
    0.035451651548638066,
    0.035323526219410054,
    0.03553839121671284,
    0.03465499184587423,
    0.03455280496793635,
    0.03478098332005389,
    0.03508958451011602,
    0.034613715892328936,
    0.03391426678966073,
    0.03348854153471834,
    0.034831994395045675,
    0.03459634221651975,
    0.03408626966616687,
    0.033980327844619754,
    0.03447549501762671
  ],
  "val_mae": [
    0.1758848885227652,
    0.15305287476848153,
    0.11295033782720566,
    0.10844133561148363,
    0.10685883671045303,
    0.11010583476108664,
    0.10431327744441873,
    0.10212142127401688,
    0.09466120926772847,
    0.1013388740139849,
    0.09520407343611997,
    0.09508031473440283,
    0.09581076727193945,
    0.09272840533186408,
    0.09232089063700508,
    0.09282128411180833,
    0.09438178460387622,
    0.0924828657858512,
    0.08970970188870149,
    0.08812816220171311,
    0.092402503332671,
    0.09274119366617764,
    0.09087702574098812,
    0.08832925998112734,
    0.09232703976771411
  ]
}