{
  "train_loss": [
    0.10494040975412289,
    0.06868248721623754,
    0.052584010280304024,
    0.05140907083878984,
    0.05047538127307292
  ],
  "val_loss": [
    0.08564616824305335,
    0.04613350858175477,
    0.04042146888929744,
    0.038779784364755765,
    0.03788168587656908
  ],
  "val_mae": [
    0.1724386260814445,
    0.12257603864337123,
    0.11077595781448275,
    0.10575509914825129,
    0.10378022020639376
  ]
}