{
  "train_loss": [
    0.023554263626162354,
    0.012242443229304718,
    0.009310168712818237,
    0.006213599999213867,
    0.005015112080125188,
    0.004453066474632438,
    0.004047660037071842,
    0.0037748885646764056,
    0.003497271722213022,
    0.0033752631880349334,
    0.0032203708037261605,
    0.003063157466955781,
    0.0029061169898194432,
    0.0028041004696154645,
    0.002294337938266261,
    0.0021006856054575063,
    0.00207874152873042,
    0.002055263740044995
  ],
  "val_loss": [
    2.604775804634431e-05,
    2.3880907060131004e-05,
    0.00016099860111780243,
    0.00010053730780624768,
    6.516293795484412e-05,
    0.00031274036077735725,
    6.0463533902303905e-05,
    9.087700626670254e-06,
    2.472778612166138e-05,
    3.1867679078611626e-05,
    1.516035374102982e-05,
    1.857084798462799e-05,
    0.00022746795059457373,
    8.465241682601874e-05,
    4.762759444129308e-05,
    2.8893725710390147e-05,
    2.143197111803085e-05,
    1.9039561471906822e-05
  ],
  "train_mae": [
    0.028619252800497912,
    0.013375263714166287,
    0.011491080138176834,
    0.00884422637737148,
    0.007422831810898321,
    0.006686353509840752,
    0.006150838618671817,
    0.005766726077618929,
    0.0054842746317700425,
    0.005382112806805007,
    0.005226883822224237,
    0.005041498920879614,
    0.004807369517418304,
    0.004602500843148667,
    0.0040748106006573345,
    0.003927912465416345,
    0.003828357025946403,
    0.0038583890944590997
  ],
  "val_mae": [
    0.001139146963645871,
    0.000950515434754424,
    0.0018604832516128892,
    0.0007650165491243701,
    0.0005811099216215397,
    0.0018686248525863953,
    0.0004499918741780913,
    0.00026118343366011336,
    0.00030511636046096714,
    0.00031786897666085415,
    0.0002789245495542993,
    0.0003157461374147967,
    0.0009773974229233858,
    0.000525106220470446,
    0.000393330275842364,
    0.0003132915069418724,
    0.0002741317633283097,
    0.0002749165606133879
  ]
}