{
  "train_loss": [
    0.1209682562792857,
    0.08745543785354634,
    0.06659417815931103,
    0.06197313348786818,
    0.060113933883182744,
    0.05876500119199407,
    0.05706889969079606,
    0.05565468929901024,
    0.05514993835607341,
    0.05428845502397557,
    0.05414569570533352,
    0.05232474457414657
  ],
  "val_loss": [
    0.08669066776247586,
    0.05599453264299561,
    0.05064271090661778,
    0.049919545519001345,
    0.048637611269950864,
    0.04710714469937717,
    0.04619940940071555,
    0.04700479499557439,
    0.04894432915484204,
    0.046792195036130795,
    0.04786730261409984,
    0.04689615932457587
  ],
  "val_mae": [
    0.17033668391844806,
    0.13901781029560986,
    0.12913393162629183,
    0.12964227087357466,
    0.12742049080484052,
    0.12386873168103835,
    0.12145963184973772,
    0.1240356161664514,
    0.12849677808144513,
    0.12310885233037612,
    0.12613004174302606,
    0.12266845566384933
  ]
}