{
  "train_loss": [
    0.036997807102198535,
    0.025098969728766237,
    0.01705776764855792,
    0.012086269348289613,
    0.008917950790302939,
    0.0067698408544108885,
    0.005038151550559494,
    0.004236296642755758,
    0.0026031714900828676,
    0.0023878054975198493,
    0.0022443617399967412,
    0.0021107615338665847,
    0.0020668643890180767,
    0.0019709855631102756,
    0.0019223493451843065,
    0.0018865168247427686,
    0.0018532265383594275,
    0.0017806560244539263,
    0.0016796478892344888,
    0.001685915683889916,
    0.0016728967493436556,
    0.001641106751156305,
    0.001677708659147792,
    0.001576309474308201,
    0.0015069693338948642,
    0.0015730101428450987,
    0.0014881573960146867,
    0.001418064407298196,
    0.0014964493390875273,
    0.0014201158876960753,
    0.0014381772282919389,
    0.0011081869558406967,
    0.001055933367462875
  ],
  "val_loss": [
    0.00017619228441153703,
    0.00011620573819414314,
    0.00023291908263606655,
    0.0003236594191989509,
    0.0005561568059387999,
    0.00013266603502553947,
    0.0002585986705628447,
    0.0004472308910751504,
    0.0005357388093311642,
    0.00016032957943852192,
    0.00010021980208976377,
    0.00022388230480293353,
    5.9161100224398515e-05,
    0.00018628190443242454,
    9.731504387637428e-05,
    9.352503937280731e-05,
    5.781768914124147e-05,
    0.00010387535164917197,
    7.444018528456522e-05,
    0.00028055766553503964,
    6.618354721092325e-05,
    0.000462684932310844,
    3.0668624789794586e-05,
    2.898989977274196e-05,
    2.687813043732454e-05,
    2.9886653347477673e-05,
    5.5211645844996804e-05,
    0.00012663727081924862,
    6.697484714464964e-05,
    2.9245983090733625e-05,
    6.0190946924045345e-05,
    4.871658050581651e-05,
    6.761341635728473e-05
  ],
  "train_mae": [
    0.04321463577421218,
    0.03192421830978231,
    0.021711748875426838,
    0.016485684273667915,
    0.012717233665469736,
    0.00989427344636304,
    0.007664027780378131,
    0.0064951269912498265,
    0.0046116686384347644,
    0.004283015751286172,
    0.004007413655401594,
    0.0038334943023082295,
    0.0037660311588289196,
    0.003639055791637482,
    0.0036179836047879736,
    0.0035261185317816118,
    0.0035052486891871443,
    0.003408540243774755,
    0.0033218964390546637,
    0.0032820849633271878,
    0.0033045159045134147,
    0.0032093393068342107,
    0.003236942145375991,
    0.0031191947451303815,
    0.0030889787015047697,
    0.0030813918731694484,
    0.0030409941238325683,
    0.00297285440147019,
    0.0030162347547283337,
    0.0029637129964011624,
    0.0030041503834429173,
    0.0026667555506044577,
    0.00260376592950569
  ],
  "val_mae": [
    0.005936890745568933,
    0.0033863148162311786,
    0.004276608756967878,
    0.0076365710667138575,
    0.004664461462350769,
    0.001676566482169543,
    0.0016600564145821475,
    0.0015626053474184613,
    0.0019075390114717137,
    0.000872359208873769,
    0.0005908786770420207,
    0.0009824575651021618,
    0.0005632620407682034,
    0.0008430118847176615,
    0.0006217293163522638,
    0.0005833705015234767,
    0.0004502949453225501,
    0.0006385364386036411,
    0.0005459148591922572,
    0.001043585563943786,
    0.00043259212565178014,
    0.0016013281910609673,
    0.0003211321468136123,
    0.00030245572447318856,
    0.00029310452153136516,
    0.00033486065360503384,
    0.0003840571359096302,
    0.000588059243489689,
    0.00042592807009503005,
    0.0003041824209536249,
    0.0004034448187765025,
    0.000348435552821332,
    0.0004476694041381249
  ]
}